,Actual,Prediction,Difference
0,12.2,11.35,0.8488285064697259
1,12.16,11.4,0.7630712127685548
2,12.12,11.44,0.6829796981811516
3,12.08,11.47,0.6137514877319337
4,12.12,11.48,0.6384183120727531
5,12.12,11.47,0.6460477066040031
6,12.16,11.44,0.715121421813965
7,12.2,11.4,0.800085258483886
8,12.2,11.35,0.8543617248535149
9,12.24,11.29,0.9520218276977541
10,12.28,11.23,1.048608093261718
11,12.32,11.18,1.1409543228149417
12,12.4,11.13,1.2672389984130863
13,12.44,11.09,1.346682968139648
14,12.48,11.06,1.4150938796997075
15,12.48,11.05,1.4289774703979496
16,12.48,11.05,1.426787834167481
17,12.52,11.07,1.4490504455566402
18,12.56,11.1,1.4577890014648442
19,12.56,11.14,1.4159312820434575
20,12.56,11.19,1.3667407608032232
21,12.52,11.25,1.2733893585205074
22,12.4,11.31,1.0944589614868168
23,12.36,11.37,0.9882520294189447
24,12.36,11.45,0.9142974472045893
25,12.36,11.53,0.833357200622558
26,12.36,11.61,0.7473195648193354
27,12.36,11.7,0.6585925674438471
28,12.36,11.77,0.5907367324829096
29,12.32,11.82,0.5007117462158206
30,12.32,11.86,0.45788700103759794
31,12.28,11.91,0.3677399444580072
32,12.28,11.98,0.29928520202636655
33,12.36,12.07,0.2871621704101557
34,12.36,12.19,0.17109905242919865
35,12.36,12.32,0.0431464767456049
36,12.36,12.44,-0.08303131103515682
37,12.36,12.56,-0.19649948120117244
38,12.36,12.65,-0.29038871765136776
39,12.36,12.72,-0.3617264175415045
40,12.36,12.77,-0.40633739471435604
41,12.36,12.79,-0.42664588928222713
42,12.36,12.79,-0.42762626647949276
43,12.36,12.77,-0.4148937606811529
44,12.36,12.75,-0.3936048889160162
45,12.36,12.73,-0.3679901504516607
46,12.4,12.7,-0.3012119293212887
47,12.48,12.68,-0.19545700073242145
48,12.48,12.65,-0.17206718444824176
49,12.48,12.63,-0.15174343109130817
50,12.44,12.61,-0.1747146224975591
51,12.44,12.6,-0.1608901596069341
52,12.44,12.59,-0.14996295928955128
53,12.44,12.58,-0.14157730102539112
54,12.48,12.58,-0.09531452178955035
55,12.52,12.57,-0.050762634277344176
56,12.56,12.57,-0.007544937133788565
57,12.56,12.57,-0.005340042114257315
58,12.56,12.56,-0.0038723373413080964
59,12.56,12.56,-0.0029262924194330964
60,12.56,12.56,-0.002329292297362784
61,12.52,12.56,-0.04195545196533246
62,12.48,12.56,-0.08173801422119098
63,12.44,12.56,-0.12158256530761768
64,12.32,12.56,-0.23722713470458956
65,12.32,12.54,-0.22473114013671847
66,12.32,12.52,-0.20175140380859347
67,12.32,12.49,-0.1680180358886716
68,12.32,12.44,-0.1247154998779294
69,12.32,12.39,-0.0739800262451169
70,12.32,12.34,-0.018356018066405966
71,12.32,12.26,0.05628044128417997
72,12.32,12.16,0.16327125549316435
73,12.36,12.04,0.3246892547607416
74,12.4,11.92,0.4769548416137699
75,12.44,11.84,0.6010403060913081
76,12.44,11.79,0.6458544158935542
77,12.44,11.79,0.6479715728759761
78,12.44,11.83,0.6098865890502925
79,12.44,11.9,0.5379051589965815
80,12.44,12.0,0.44021839141845653
81,12.48,12.11,0.3654293823242192
82,12.52,12.23,0.2858128738403316
83,12.56,12.35,0.21212726593017628
84,12.6,12.45,0.1519638061523434
85,12.64,12.53,0.10951293945312557
86,12.72,12.59,0.13455745697021548
87,12.6,12.61,-0.014206314086914418
88,12.72,12.62,0.10177776336669986
89,12.92,12.61,0.3117474746704101
90,13.08,12.6,0.4838724899291993
91,13.24,12.59,0.6493408584594729
92,13.4,12.6,0.8029712677001957
93,13.56,12.62,0.9429298019409185
94,13.64,12.65,0.9898563766479498
95,13.72,12.69,1.0301549148559577
96,13.8,12.73,1.0665615081787116
97,13.88,12.77,1.1089495468139656
98,13.92,12.79,1.1262273025512695
99,13.92,12.8,1.1237487030029296
100,13.96,12.78,1.1830386734008798
101,14.0,12.74,1.2626523971557617
102,14.04,12.68,1.3590975189208976
103,14.08,12.61,1.4679375457763673
104,14.12,12.54,1.5803557586669914
105,14.16,12.47,1.6881314849853517
106,14.16,12.41,1.7454196548461915
107,14.16,12.37,1.7932798004150392
108,14.16,12.33,1.834827575683594
109,14.16,12.28,1.8815166091918947
110,14.16,12.22,1.9350701904296876
111,14.16,12.17,1.9932653045654298
112,14.36,12.11,2.252665863037109
113,14.32,12.04,2.2783768844604495
114,14.28,11.97,2.307472496032714
115,14.2,11.91,2.290831756591796
116,14.12,11.86,2.260018463134765
117,14.04,11.83,2.209734001159667
118,13.96,11.82,2.1381396865844735
119,13.96,11.83,2.126241645812989
120,13.96,11.86,2.096951446533204
121,13.96,11.91,2.054189643859864
122,13.96,11.96,2.0021504974365243
123,13.92,12.02,1.9047917556762695
124,13.92,12.07,1.8455094528198241
125,13.88,12.13,1.7470606613159188
126,13.84,12.19,1.6514614486694335
127,13.8,12.24,1.5600660324096687
128,13.76,12.29,1.4736602401733396
129,13.72,12.33,1.3925769042968756
130,13.52,12.36,1.156799812316894
131,13.32,12.39,0.9259827804565433
132,13.36,12.42,0.9398263549804682
133,13.4,12.44,0.9579757690429691
134,13.44,12.46,0.9797415161132808
135,13.48,12.48,1.0045990753173832
136,13.52,12.49,1.0320706558227535
137,13.56,12.5,1.0617127990722661
138,13.6,12.51,1.0931421279907223
139,13.64,12.51,1.1260296249389654
140,13.68,12.52,1.1600958633422849
141,13.68,12.52,1.1551138687133786
142,13.68,12.53,1.1508786010742185
143,13.68,12.52,1.1599089431762692
144,13.68,12.5,1.177097015380859
145,13.6,12.48,1.1174388885498043
146,13.6,12.46,1.1368289947509762
147,13.56,12.45,1.1126924133300786
148,13.64,12.44,1.203573837280274
149,13.72,12.43,1.2891995620727545
150,13.8,12.43,1.369883346557618
151,13.88,12.43,1.4464052963256844
152,13.96,12.44,1.5197314834594735
153,14.04,12.45,1.5866136932373038
154,14.08,12.48,1.6039696502685548
155,14.32,12.51,1.8102849197387698
156,14.48,12.55,1.9258675384521489
157,14.4,12.61,1.7879966735839847
158,14.32,12.68,1.6394341659545901
159,14.24,12.76,1.480384101867676
160,14.16,12.85,1.311418685913086
161,14.08,12.94,1.1426926422119141
162,14.0,13.02,0.9846687316894531
163,13.96,13.08,0.8762292480468759
164,13.92,13.15,0.7730635833740234
165,13.88,13.21,0.6709841537475594
166,13.84,13.26,0.5758627319335936
167,13.8,13.31,0.49458293914794993
168,13.68,13.34,0.3433157730102536
169,13.64,13.35,0.2885643386840826
170,13.68,13.35,0.33268802642822237
171,13.64,13.33,0.31495346069335994
172,13.56,13.29,0.2684693908691411
173,13.48,13.26,0.22130153656005902
174,13.44,13.24,0.20338577270507763
175,13.4,13.23,0.16839065551757848
176,13.36,13.24,0.11822448730468693
177,13.32,13.27,0.05339939117431669
178,13.28,13.3,-0.020700187683106108
179,13.28,13.33,-0.0495383453369147
180,13.24,13.35,-0.10877395629882791
181,13.28,13.36,-0.07860347747802798
182,13.32,13.35,-0.0325981903076169
183,13.36,13.33,0.03462635040283146
184,13.4,13.27,0.12521877288818395
185,13.44,13.2,0.23804515838622997
186,13.48,13.11,0.3737511444091801
187,13.52,12.98,0.5355019760131832
188,13.52,12.84,0.6798634719848629
189,13.52,12.68,0.8361563873291011
190,13.52,12.53,0.9929957580566402
191,13.56,12.37,1.18523365020752
192,13.6,12.23,1.3704601287841793
193,13.72,12.09,1.627478332519532
194,13.76,11.96,1.795595893859863
195,13.8,11.84,1.9585016250610359
196,13.84,11.72,2.1198128128051756
197,13.96,11.6,2.3616180038452157
198,14.0,11.48,2.5243043899536133
199,14.0,11.35,2.6469507217407227
200,14.0,11.23,2.767862319946289
201,14.0,11.11,2.885064125061035
202,13.88,11.0,2.8807810592651375
203,13.92,10.88,3.041371269226074
204,13.92,10.76,3.163847846984863
205,13.92,10.64,3.2822093200683593
206,13.92,10.53,3.386926574707031
207,13.92,10.45,3.470260543823242
208,13.92,10.39,3.5280265045166015
209,13.92,10.36,3.5595578384399413
210,13.92,10.35,3.5668963623046874
211,13.92,10.37,3.5496749114990234
212,13.96,10.41,3.5485095596313485
213,14.0,10.47,3.525836944580078
214,14.04,10.55,3.485582389831542
215,14.08,10.64,3.4367399978637696
216,14.16,10.74,3.424145851135254
217,14.2,10.83,3.3666431427001946
218,14.28,10.94,3.338123588562011
219,14.36,11.06,3.3024533843994135
220,14.36,11.17,3.186288223266601
221,14.36,11.28,3.075967178344726
222,14.44,11.38,3.056289138793945
223,14.52,11.47,3.054278869628906
224,14.6,11.53,3.0748620986938473
225,14.6,11.56,3.03577766418457
226,14.6,11.58,3.0163341522216793
227,14.8,11.58,3.2195690155029304
228,14.72,11.54,3.175591201782227
229,14.72,11.49,3.234827728271485
230,14.72,11.41,3.307316513061524
231,14.76,11.34,3.4159162139892576
232,14.84,11.3,3.5419195556640624
233,14.92,11.29,3.63240234375
234,15.0,11.32,3.6818552017211914
235,15.04,11.38,3.6554956817626945
236,15.12,11.48,3.642843360900878
237,15.12,11.58,3.5385190200805656
238,15.04,11.69,3.3515081787109366
239,15.04,11.79,3.247432746887206
240,15.04,11.89,3.145539321899413
241,14.92,11.99,2.932104034423828
242,14.84,12.07,2.769391860961914
243,14.72,12.14,2.5777919006347663
244,14.6,12.2,2.4008470535278317
245,14.52,12.23,2.2855925750732418
246,14.4,12.25,2.152721786499024
247,14.24,12.25,1.9911997222900393
248,14.12,12.24,1.881610031127929
249,14.0,12.21,1.7909412384033203
250,13.92,12.16,1.7606457901000976
251,13.84,12.1,1.7445162200927733
252,13.68,12.03,1.654637985229492
253,13.64,11.96,1.683946266174317
254,13.52,11.89,1.6314645004272457
255,13.4,11.82,1.5821641921997074
256,13.24,11.74,1.4967405700683596
257,13.04,11.65,1.386228599548339
258,12.84,11.54,1.300142135620117
259,12.64,11.4,1.2387472534179693
260,12.48,11.24,1.2413410949707036
261,12.24,11.06,1.1806642913818362
262,12.0,10.87,1.1275691986083984
263,11.92,10.69,1.2334422302246093
264,11.76,10.51,1.2513892745971678
265,11.64,10.34,1.2963959121704107
266,11.6,10.19,1.4054609298706051
267,11.56,10.05,1.5052753067016607
268,11.52,9.93,1.5913615417480464
269,11.48,9.82,1.6573099899291996
270,11.52,9.74,1.778515357971191
271,11.6,9.67,1.9254880905151364
272,11.64,9.62,2.0187517547607428
273,11.64,9.57,2.0684849166870123
274,11.6,9.51,2.088903999328613
275,11.64,9.45,2.1944672012329107
276,11.72,9.37,2.346684188842774
277,11.84,9.3,2.5357807540893553
278,11.88,9.24,2.6432398605346688
279,11.96,9.18,2.781120262145997
280,12.04,9.14,2.9012327575683585
281,12.12,9.11,3.006429786682128
282,12.16,9.09,3.0670043563842775
283,12.2,9.07,3.1328737258911126
284,12.28,9.04,3.238636283874511
285,12.32,9.02,3.2955134582519534
286,12.36,9.02,3.336428031921386
287,12.36,9.04,3.31779800415039
288,12.44,9.07,3.3715423965454097
289,12.48,9.1,3.3837189483642582
290,12.56,9.12,3.436914024353028
291,12.68,9.15,3.532255821228027
292,12.8,9.16,3.6380422592163093
293,12.92,9.16,3.757888717651367
294,13.0,9.14,3.860218048095703
295,13.04,9.1,3.943026580810546
296,13.04,9.04,4.000282325744628
297,13.08,8.98,4.097054557800293
298,13.12,8.93,4.187660331726073
299,13.24,8.9,4.338695755004883
300,13.24,8.89,4.351343383789063
301,13.24,8.89,4.351857414245606
302,13.2,8.9,4.299184036254882
303,13.2,8.92,4.279158782958984
304,13.16,8.95,4.210553321838379
305,13.16,8.98,4.1831895446777345
306,13.24,9.0,4.239543190002442
307,13.24,9.02,4.223103752136231
308,13.2,9.02,4.176202011108398
309,13.16,9.02,4.1438476181030275
310,13.2,8.99,4.209509086608886
311,13.28,8.95,4.325930862426757
312,13.44,8.92,4.52371353149414
313,13.4,8.88,4.523146057128907
314,13.36,8.83,4.527090415954589
315,13.28,8.8,4.481863288879394
316,13.04,8.78,4.260927238464355
317,12.8,8.79,4.014267730712891
318,12.6,8.82,3.783498382568359
319,12.4,8.87,3.5308174133300785
320,12.24,8.94,3.303661575317383
321,12.12,9.01,3.110367889404296
322,11.96,9.08,2.8819779968261727
323,11.8,9.14,2.6592691421508796
324,11.6,9.19,2.40778694152832
325,11.48,9.23,2.252521018981934
326,11.24,9.25,1.9880144500732424
327,11.12,9.27,1.8506146621704094
328,11.04,9.29,1.749871292114257
329,11.0,9.31,1.692521095275879
330,10.8,9.32,1.4764707565307624
331,10.64,9.34,1.3015571975708013
332,10.48,9.35,1.1284422683715825
333,10.32,9.37,0.9534075927734378
334,10.28,9.38,0.8969652938842767
335,10.08,9.4,0.6809340286254884
336,10.0,9.42,0.5827360153198242
337,9.8,9.44,0.3556898117065437
338,9.76,9.48,0.2821691131591795
339,9.76,9.52,0.24347187042236307
340,9.64,9.56,0.0845695877075201
341,9.6,9.59,0.014533615112304332
342,9.56,9.6,-0.043230476379394034
343,9.6,9.6,-0.0005249023437503553
344,9.68,9.57,0.10876338958740206
345,9.72,9.51,0.2065188598632819
346,9.76,9.43,0.33088375091552713
347,9.68,9.32,0.36128299713134737
348,9.68,9.19,0.49146907806396456
349,9.68,9.04,0.6375119018554685
350,9.68,8.89,0.7873894500732419
351,9.68,8.75,0.9329850006103513
352,9.6,8.62,0.9810701370239254
353,9.44,8.51,0.9289745712280268
354,9.36,8.42,0.9425042724609369
355,9.4,8.33,1.0651525497436527
356,9.4,8.26,1.1387962341308597
357,9.44,8.19,1.2485651397705073
358,9.64,8.13,1.5109650039672857
359,9.56,8.07,1.4890943145751958
360,9.6,8.02,1.5789524078369137
361,9.6,7.97,1.6278697013854977
362,9.64,7.93,1.712529792785645
363,9.64,7.88,1.7550560379028326
364,9.52,7.85,1.6748585891723629
365,9.56,7.81,1.750365314483643
366,9.6,7.77,1.8284216880798336
367,9.64,7.73,1.9081350708007818
368,9.52,7.69,1.8302459907531734
369,9.4,7.65,1.7474502563476566
370,9.36,7.62,1.736039028167724
371,9.32,7.6,1.7187884521484378
372,9.32,7.58,1.735956020355225
373,9.24,7.56,1.6751186752319338
374,9.32,7.54,1.7760570716857913
375,9.32,7.52,1.7959616851806643
376,9.48,7.5,1.9796013641357426
377,9.52,7.48,2.0369658660888668
378,9.68,7.48,2.1961128044128415
379,9.72,7.51,2.209030838012696
380,9.76,7.57,2.1926701164245603
381,9.68,7.66,2.0204583930969235
382,9.76,7.78,1.9811961746215818
383,9.64,7.92,1.7243958854675299
384,9.64,8.06,1.5828291320800787
385,9.72,8.19,1.531998367309571
386,9.68,8.3,1.375883750915527
387,9.8,8.41,1.3933980941772468
388,9.68,8.49,1.194132499694824
389,9.8,8.55,1.2549665451049812
390,9.8,8.59,1.2132318496704109
391,9.84,8.61,1.23394474029541
392,9.92,8.61,1.3099946212768554
393,10.0,8.61,1.391556739807129
394,10.08,8.6,1.482277946472168
395,10.12,8.59,1.5323516082763664
396,10.2,8.59,1.6104995727539055
397,10.28,8.6,1.680847434997558
398,10.4,8.62,1.7794937133789066
399,10.32,8.65,1.6742623519897464
400,10.28,8.66,1.6186163711547845
401,10.2,8.67,1.5315954208374016
402,10.12,8.67,1.4516287994384758
403,10.0,8.66,1.3448095321655273
404,9.92,8.63,1.2851742935180663
405,9.84,8.61,1.2280872726440428
406,9.76,8.58,1.1783225631713865
407,9.64,8.55,1.093635215759278
408,9.56,8.51,1.049838600158692
409,9.56,8.47,1.090913352966309
410,9.44,8.42,1.021910133361816
411,9.44,8.35,1.0858034515380854
412,9.28,8.27,1.0071423339843744
413,9.24,8.18,1.0561706924438479
414,9.12,8.1,1.0166016769409172
415,9.04,8.05,0.9946051025390616
416,8.92,8.01,0.9098614883422851
417,8.84,8.0,0.843599166870117
418,8.72,8.01,0.7145192337036139
419,8.68,8.04,0.6421086120605466
420,8.48,8.08,0.40008018493652386
421,8.36,8.13,0.23132072448730412
422,8.24,8.18,0.05553936004638693
423,8.12,8.24,-0.12407958984375078
424,8.04,8.3,-0.2633494949340829
425,7.92,8.36,-0.43877704620361335
426,7.84,8.41,-0.5679818725585939
427,7.8,8.45,-0.6455499649047853
428,7.84,8.47,-0.627331886291504
429,7.84,8.48,-0.6353732681274415
430,7.8,8.47,-0.6740400314331056
431,7.84,8.46,-0.6236878967285158
432,7.76,8.44,-0.6839220428466799
433,7.8,8.42,-0.6190015792846681
434,7.76,8.39,-0.6337072753906252
435,7.68,8.36,-0.6840213012695315
436,7.68,8.33,-0.6486714553833011
437,7.76,8.29,-0.5318968200683596
438,7.88,8.26,-0.37905704498291026
439,7.96,8.23,-0.26618484497070316
440,8.12,8.2,-0.0756825256347664
441,8.2,8.17,0.028775405883788352
442,8.24,8.16,0.08416866302490256
443,8.32,8.14,0.17721492767334013
444,8.28,8.14,0.1437161254882806
445,8.44,8.14,0.29767364501953075
446,8.48,8.16,0.3189997482299809
447,8.48,8.19,0.2902035522460942
448,8.56,8.23,0.33066993713378956
449,8.6,8.28,0.3200441360473629
450,8.64,8.34,0.29877914428710994
451,8.72,8.4,0.3166262817382819
452,8.84,8.46,0.37595161437988267
453,8.76,8.52,0.23621059417724588
454,8.88,8.58,0.29638946533203203
455,9.04,8.64,0.4042177581787101
456,9.04,8.68,0.3634443664550773
457,9.24,8.71,0.531160583496094
458,9.24,8.74,0.5030414962768557
459,9.2,8.76,0.43908615112304616
460,9.36,8.78,0.5807593917846674
461,9.32,8.79,0.5252879333496097
462,9.2,8.81,0.3890773773193352
463,9.2,8.83,0.36950225830078054
464,9.16,8.85,0.3134500122070314
465,8.96,8.86,0.10442157745361413
466,8.96,8.86,0.09965988159179773
467,8.92,8.86,0.05507080078124993
468,8.84,8.86,-0.024830017089843892
469,8.8,8.86,-0.05839653015136648
470,8.68,8.85,-0.16966278076171903
471,8.52,8.84,-0.32356880187988324
472,8.6,8.85,-0.25198688507080114
473,8.6,8.87,-0.2684015274047855
474,8.64,8.89,-0.2461055374145502
475,8.68,8.9,-0.21988136291503935
476,8.64,8.91,-0.26662002563476506
477,8.64,8.9,-0.2609828567504877
478,8.76,8.88,-0.1233293914794924
479,8.6,8.86,-0.26050415039062536
480,8.56,8.84,-0.27592987060546825
481,8.64,8.8,-0.15903984069824162
482,8.56,8.74,-0.1830734634399409
483,8.6,8.67,-0.06957950592041051
484,8.68,8.59,0.09234779357910128
485,8.64,8.5,0.13677848815918026
486,8.6,8.42,0.17980537414550746
487,8.64,8.34,0.29887355804443416
488,8.6,8.27,0.3324447631835934
489,8.6,8.2,0.39966545104980433
490,8.64,8.14,0.5001284027099615
491,8.6,8.09,0.513788795471191
492,8.6,8.04,0.5609127044677731
493,8.68,8.0,0.681927852630615
494,8.68,7.96,0.7173191833496091
495,8.72,7.93,0.7876045417785651
496,8.84,7.9,0.9374168777465819
497,8.84,7.88,0.9632447624206542
498,8.72,7.85,0.8680503082275397
499,8.68,7.82,0.8559214401245114
500,8.72,7.79,0.926046104431153
501,8.72,7.76,0.9558369827270514
502,8.6,7.73,0.8667775154113766
503,8.6,7.7,0.9048830032348629
504,8.72,7.65,1.0715582084655768
505,8.68,7.59,1.0893379974365232
506,8.64,7.52,1.119563713073731
507,8.68,7.44,1.2378427314758298
508,8.72,7.36,1.358285636901856
509,8.76,7.28,1.4794786071777342
510,8.72,7.2,1.521401615142823
511,8.8,7.12,1.680062103271485
512,8.88,7.04,1.835149173736573
513,8.92,6.98,1.9394458961486816
514,8.88,6.93,1.945890312194825
515,8.92,6.91,2.0140847396850585
516,9.0,6.9,2.0990614891052246
517,9.04,6.92,2.1248841667175284
518,9.04,6.95,2.0946650886535636
519,9.12,6.99,2.1314779472351066
520,9.2,7.04,2.162538242340087
521,9.24,7.1,2.143091907501221
522,9.28,7.16,2.118687419891357
523,9.32,7.23,2.093314952850342
524,9.32,7.29,2.029723472595215
525,9.36,7.35,2.013831481933593
526,9.4,7.4,1.9987286567687992
527,9.44,7.45,1.9875316047668452
528,9.4,7.5,1.9016827583312992
529,9.4,7.54,1.8617424011230472
530,9.44,7.57,1.871554794311523
531,9.56,7.6,1.96257740020752
532,9.48,7.63,1.848841648101807
533,9.44,7.68,1.7550053024291987
534,9.4,7.76,1.6367930412292484
535,9.44,7.85,1.5882806205749507
536,9.36,7.95,1.4064353561401362
537,9.32,8.06,1.2571585845947268
538,9.32,8.18,1.1363900375366214
539,9.36,8.31,1.0515378570556635
540,9.24,8.43,0.8123533630371096
541,9.12,8.53,0.5869218063354484
542,9.04,8.64,0.4041700744628898
543,9.04,8.73,0.3066864395141593
544,9.0,8.82,0.1806774139404297
545,8.92,8.89,0.02744476318359368
546,8.84,8.95,-0.10983577728271499
547,8.76,8.99,-0.22904514312744162
548,8.76,9.01,-0.2498562240600588
549,8.72,9.02,-0.29764965057372983
550,8.64,9.01,-0.3747848129272455
551,8.56,8.99,-0.4346880340576167
552,8.56,8.97,-0.4071039581298823
553,8.52,8.92,-0.4045710372924809
554,8.44,8.87,-0.4296155548095708
555,8.32,8.81,-0.4881159591674802
556,8.2,8.75,-0.5461442947387702
557,8.16,8.68,-0.5204122924804686
558,8.08,8.61,-0.5303935241699218
559,8.04,8.52,-0.4811105346679696
560,8.0,8.41,-0.4107942581176758
561,7.96,8.29,-0.3320026779174805
562,7.84,8.18,-0.3394519424438478
563,7.72,8.08,-0.36471584320068384
564,7.6,8.01,-0.41459980010986364
565,7.6,7.96,-0.36356201171875036
566,7.6,7.93,-0.3306721687316898
567,7.56,7.91,-0.3478264236450199
568,7.44,7.9,-0.45840126037597617
569,7.36,7.89,-0.5317403221130368
570,7.32,7.89,-0.5714694786071775
571,7.24,7.89,-0.6483786201477049
572,7.24,7.89,-0.6479461288452146
573,7.24,7.88,-0.6425154304504392
574,7.2,7.87,-0.6748283386230467
575,7.24,7.86,-0.6183135604858396
576,7.2,7.83,-0.6337531089782713
577,7.2,7.8,-0.5968864440917967
578,7.2,7.75,-0.547711658477783
579,7.16,7.69,-0.5286844635009764
580,7.28,7.62,-0.3392827224731443
581,7.2,7.55,-0.3469155311584471
582,7.24,7.47,-0.22848344802856424
583,7.28,7.39,-0.11064645767211889
584,7.24,7.31,-0.0740282630920408
585,7.32,7.24,0.07863552093505888
586,7.32,7.18,0.14466650009155302
587,7.4,7.11,0.2858580589294437
588,7.44,7.06,0.3812984848022465
589,7.48,7.01,0.4732518005371098
590,7.64,6.96,0.6765295410156247
591,7.72,6.92,0.7971408081054685
592,7.92,6.89,1.0310363006591796
593,8.08,6.86,1.2242661285400391
594,8.12,6.83,1.2884103012084953
595,8.32,6.81,1.5089576911926272
596,8.44,6.8,1.6428970718383784
597,8.6,6.79,1.8130522727966305
598,8.64,6.78,1.8561202430725103
599,8.72,6.79,1.9316889953613288
600,8.72,6.81,1.9132692527771002
601,8.96,6.83,2.126809082031251
602,9.0,6.87,2.1295132637023926
603,9.04,6.93,2.1130977058410636
604,9.16,7.02,2.139508399963379
605,9.12,7.15,1.9670625877380363
606,9.2,7.32,1.8827020645141594
607,9.24,7.49,1.7491576576232912
608,9.32,7.65,1.6652429771423343
609,9.4,7.8,1.5996603012084964
610,9.28,7.92,1.3631232070922845
611,9.44,8.01,1.4308580780029292
612,9.36,8.07,1.2857669448852533
613,9.4,8.11,1.286614799499512
614,9.48,8.13,1.3463635253906254
615,9.44,8.14,1.3046726608276362
616,9.36,8.13,1.23043285369873
617,9.2,8.12,1.0836669921874993
618,8.96,8.1,0.8634490585327157
619,8.96,8.08,0.884121856689454
620,8.84,8.05,0.7882431411743163
621,8.84,8.0,0.8353861236572264
622,8.72,7.92,0.8033864212036139
623,8.72,7.78,0.9417340469360358
624,8.64,7.59,1.0509477996826178
625,8.64,7.36,1.2845364952087408
626,8.4,7.09,1.3119267463684086
627,8.44,6.79,1.6519073867797847
628,8.32,6.46,1.8559525680541995
629,8.32,6.13,2.192116565704346
630,8.2,5.79,2.4086730003356926
631,8.24,5.48,2.760019054412842
632,8.12,5.22,2.8993979644775383
633,8.08,5.04,3.0403934288024903
634,7.96,4.95,3.0116200065612793
635,8.0,4.95,3.054047107696533
636,7.8,5.03,2.7740304946899412
637,7.84,5.18,2.6628635787963866
638,7.76,5.38,2.3755924797058103
639,7.64,5.63,2.0086442375183102
640,7.6,5.9,1.6980992317199703
641,7.52,6.18,1.3384413909912105
642,7.52,6.46,1.0574660491943355
643,7.6,6.74,0.8605400085449215
644,7.6,7.01,0.5916520118713375
645,7.52,7.27,0.25443126678466754
646,7.4,7.51,-0.10812911987304652
647,7.32,7.73,-0.4055673408508298
648,7.2,7.91,-0.7083437919616697
649,7.24,8.06,-0.8151271438598631
650,7.08,8.17,-1.0887936782836913
651,7.12,8.25,-1.1344021606445311
652,6.92,8.32,-1.3972664642333985
653,7.04,8.36,-1.3227357482910156
654,6.84,8.39,-1.5511285400390626
655,6.92,8.4,-1.4824620056152344
656,6.76,8.4,-1.6411869430541994
657,6.84,8.39,-1.553073081970215
658,6.76,8.38,-1.6228945159912112
659,6.88,8.37,-1.4942256164550782
660,6.8,8.37,-1.5730783462524416
661,6.92,8.38,-1.4643631744384766
662,7.04,8.4,-1.3621472930908203
663,7.28,8.43,-1.1465995025634763
664,7.44,8.46,-1.0190234756469723
665,7.52,8.5,-0.9803204345703129
666,7.6,8.55,-0.94597282409668
667,7.6,8.59,-0.9907468795776371
668,7.72,8.63,-0.9102394866943362
669,7.72,8.65,-0.9337256240844729
670,7.84,8.65,-0.8084270095825197
671,7.88,8.62,-0.7379780960083009
672,7.92,8.58,-0.6560679244995118
673,8.04,8.54,-0.4963874435424813
674,8.0,8.51,-0.5091285705566406
675,8.2,8.5,-0.3000257492065437
676,8.16,8.51,-0.34656032562255845
677,8.28,8.52,-0.23964092254638736
678,8.28,8.53,-0.2538830947875983
679,8.36,8.55,-0.1865421676635748
680,8.16,8.56,-0.3965242767333983
681,8.04,8.56,-0.5236320114135751
682,7.84,8.57,-0.7280265426635744
683,7.68,8.57,-0.8902009201049808
684,7.44,8.57,-1.1306996917724605
685,7.32,8.57,-1.2500349807739255
686,6.96,8.57,-1.608638801574707
687,6.64,8.56,-1.9189017868041995
688,6.2,8.54,-2.337187576293945
689,5.88,8.5,-2.62311279296875
690,5.72,8.47,-2.7502596664428713
691,5.72,8.44,-2.7208054351806643
692,5.76,8.42,-2.656956901550293
693,5.72,8.4,-2.6759264755249026
694,5.76,8.37,-2.6102135086059572
695,5.72,8.35,-2.62519100189209
696,5.8,8.32,-2.5208694458007814
697,5.84,8.3,-2.459740791320801
698,5.84,8.28,-2.4442531204223634
699,5.92,8.28,-2.3559151458740235
700,5.88,8.27,-2.391141052246094
701,6.0,8.27,-2.2655515670776367
702,6.08,8.26,-2.17576114654541
703,6.12,8.24,-2.1160010147094725
704,6.24,8.21,-1.9659926986694334
705,6.52,8.17,-1.6480126190185551
706,6.72,8.12,-1.4012196350097659
707,6.92,8.07,-1.148817138671875
708,7.16,8.01,-0.8548801803588866
709,7.4,7.97,-0.5710321426391598
710,7.64,7.94,-0.2997587776184085
711,8.0,7.92,0.07663249969482422
712,8.28,7.92,0.3573339271545404
713,8.52,7.93,0.5911560249328609
714,8.76,7.94,0.8159420585632322
715,8.88,7.97,0.9113792228698738
716,8.96,7.99,0.9664659118652352
717,8.96,8.01,0.9467591857910165
718,9.0,8.02,0.9750556945800781
719,9.08,8.03,1.0520840454101563
720,9.12,8.02,1.1012183380126945
721,9.08,8.0,1.0849004554748536
722,9.12,7.96,1.1636100959777824
723,9.16,7.9,1.2561236953735353
724,9.2,7.84,1.3597504615783684
725,9.2,7.77,1.4272276878356926
726,9.16,7.71,1.4512292480468751
727,9.12,7.65,1.4742399406433098
728,9.0,7.59,1.4129672050476074
729,8.84,7.54,1.3031261825561522
730,8.8,7.49,1.3055613517761238
731,8.88,7.47,1.41489637374878
732,8.96,7.45,1.5057282066345223
733,9.0,7.45,1.5471339225769043
734,9.04,7.47,1.574984588623046
735,9.04,7.49,1.550931968688964
736,9.0,7.53,1.474815845489502
737,9.0,7.57,1.4268927574157715
738,9.04,7.62,1.4164472007751456
739,9.08,7.68,1.401415901184082
740,9.08,7.74,1.3373375701904298
741,9.08,7.82,1.2610593605041505
742,9.08,7.91,1.1718231010437012
743,9.08,8.0,1.0791321563720704
744,9.04,8.09,0.949735679626464
745,9.0,8.17,0.8279523849487305
746,8.96,8.25,0.7120751953125009
747,8.88,8.32,0.5589674758911141
748,8.8,8.37,0.4342754364013679
749,8.84,8.37,0.47182163238525376
750,8.8,8.34,0.4597089767456062
751,8.8,8.3,0.49908905029296946
752,8.76,8.27,0.4894139862060545
753,8.76,8.25,0.5074536895751951
754,8.92,8.24,0.6769875717163085
755,8.88,8.24,0.6354950714111336
756,8.84,8.25,0.5916660690307616
757,8.8,8.25,0.5476549148559577
758,8.76,8.26,0.502897033691406
759,8.68,8.26,0.4242321777343747
760,8.64,8.25,0.39051593780517635
761,8.64,8.24,0.40217269897460994
762,8.56,8.22,0.3435359573364263
763,8.52,8.18,0.3382601928710933
764,8.48,8.14,0.3399338531494145
765,8.4,8.1,0.3000425338745121
766,8.36,8.06,0.2996018981933588
767,8.32,8.03,0.2942727279663089
768,8.36,8.0,0.3592656707763666
769,8.32,7.98,0.3394749832153323
770,8.32,7.97,0.3535378646850589
771,8.4,7.96,0.443010234832764
772,8.36,7.95,0.4060152626037592
773,8.44,7.96,0.48050111770629833
774,8.36,7.97,0.3936065292358393
775,8.32,7.97,0.34527523040771513
776,8.28,7.98,0.2974889564514154
777,8.28,7.98,0.29635837554931577
778,8.32,7.98,0.3391373825073245
779,8.2,7.97,0.2328097343444817
780,8.16,7.95,0.21279636383056655
781,8.08,7.92,0.15572174072265632
782,8.0,7.9,0.09916257858276367
783,7.92,7.88,0.03754322052001946
784,7.92,7.87,0.05002014160156243
785,7.92,7.86,0.06175128936767571
786,7.84,7.84,-0.0016991233825685015
787,7.88,7.82,0.05551183700561513
788,7.88,7.81,0.06732404708862294
789,7.84,7.8,0.040735092163085795
790,7.92,7.78,0.13688652038574212
791,7.96,7.77,0.19462820053100582
792,7.88,7.75,0.13206661224365224
793,7.88,7.73,0.1514996337890624
794,7.88,7.71,0.16799152374267567
795,7.88,7.69,0.1873129653930663
796,7.88,7.67,0.20912921905517567
797,7.88,7.65,0.23086631774902333
798,7.88,7.63,0.24586999893188466
799,7.92,7.63,0.29248754501342766
800,8.04,7.62,0.4152985000610343
801,8.12,7.62,0.499938602447509
802,8.12,7.61,0.5106769752502434
803,8.16,7.59,0.5657564735412599
804,8.24,7.58,0.6617929840087893
805,8.36,7.56,0.7995065307617182
806,8.48,7.53,0.9524020957946782
807,8.32,7.47,0.8453205299377444
808,8.28,7.39,0.885256557464599
809,8.36,7.29,1.072476253509521
810,8.44,7.16,1.282563152313232
811,8.64,7.02,1.6249152565002447
812,8.64,6.87,1.768557682037354
813,8.64,6.74,1.9044348144531256
814,8.76,6.61,2.1465351676940916
815,8.68,6.51,2.1715857315063474
816,8.68,6.42,2.2584087181091306
817,8.8,6.35,2.4516137123107917
818,8.68,6.29,2.3927542495727536
819,8.72,6.23,2.486302108764649
820,8.68,6.19,2.4929124641418454
821,8.6,6.14,2.455673313140869
822,8.6,6.11,2.4861427307128903
823,8.56,6.09,2.4666419601440435
824,8.52,6.08,2.439012546539306
825,8.4,6.08,2.3247512817382816
826,8.36,6.07,2.2891095733642572
827,8.4,6.06,2.3373292922973636
828,8.32,6.05,2.268903560638428
829,8.32,6.04,2.277520961761475
830,8.24,6.04,2.204733123779297
831,8.2,6.03,2.1740886688232415
832,8.44,6.01,2.428791465759277
833,8.48,5.99,2.4905690956115727
834,8.44,5.96,2.479676666259765
835,8.36,5.92,2.435393676757812
836,8.2,5.88,2.3161122322082512
837,8.24,5.84,2.4038493537902834
838,8.16,5.78,2.380639705657959
839,8.12,5.72,2.403115863800048
840,8.16,5.65,2.506731185913086
841,8.12,5.59,2.5271030616760246
842,8.12,5.53,2.585007781982421
843,8.16,5.48,2.6786867713928224
844,8.08,5.43,2.6459189224243165
845,8.04,5.39,2.6451545143127433
846,8.12,5.36,2.7557569694519035
847,8.2,5.34,2.8617689132690423
848,8.08,5.32,2.7638903427124024
849,8.04,5.3,2.741640605926513
850,8.08,5.29,2.7946525382995606
851,8.04,5.28,2.762696304321288
852,7.96,5.27,2.689842185974121
853,8.04,5.26,2.780447521209716
854,7.92,5.25,2.6737927627563476
855,7.92,5.23,2.687247200012207
856,7.88,5.22,2.6623286056518554
857,7.88,5.2,2.6772874641418456
858,7.92,5.19,2.733645839691162
859,7.84,5.17,2.669520225524902
860,7.8,5.16,2.642424392700195
861,7.8,5.15,2.6504676818847654
862,7.76,5.15,2.6126859283447263
863,7.84,5.15,2.685201015472412
864,7.76,5.18,2.5847647285461424
865,7.6,5.2,2.3977919578552243
866,7.52,5.23,2.288783569335937
867,7.32,5.26,2.056935615539551
868,7.2,5.3,1.9038483619689943
869,7.12,5.33,1.7919727516174317
870,7.08,5.36,1.7233053016662598
871,6.96,5.38,1.5753368949890136
872,6.84,5.41,1.4286530876159667
873,6.84,5.44,1.4048097991943358
874,6.76,5.45,1.3051860427856443
875,6.68,5.47,1.2067219543457028
876,6.56,5.49,1.065756855010986
877,6.52,5.52,0.9996605110168453
878,6.36,5.55,0.8073576545715335
